Name,Type
AcryliPlex Composite,Consumer Goods
Agricium,Metal
Agricium (Ore),Metal
Agricultural Supplies,Agricultural Supply
Altruciatoxin,Vice
Aluminum,Metal
Aluminum (Ore),Metal
Amioshi Plague,Natural
Ammonia,Gas
Aphorite,Mineral
Argon,Gas
Astatine,Gas
Atlasium,Alloy
Audio Visual Equipment,Consumer Goods
Beradom,Alloy
Beryl,Mineral
Beryl (Raw),Mineral
Bexalite,Mineral
Bexalite (Raw),Mineral
Bioplastic,Consumer Goods
Borase,Metal
Borase (Ore),Metal
Carbon,Metal
Carbon-Silk,Consumer Goods
Chlorine,Gas
Cobalt,Metal
Compboard,Scrap
Construction Materials,Consumer Goods
Copper,Metal
Copper (Ore),Metal
Corundum,Mineral
Corundum (Raw),Mineral
DCSR2,Agricultural Supply
Degnous Root,Natural
Diamond,Mineral
Diamond (Raw),Mineral
Diamond Laminate,Consumer Goods
Distilled Spirits,Vice
Dolivine,Mineral
Dymantium,Alloy
DynaFlex,Consumer Goods
E'tam,Vice
Feynmaline,Alloy
Fluorine,Gas
Fresh Food,Food
Gasping Weevil Eggs,Vice
Glacosite,Alloy
Gold,Metal
Gold (Ore),Metal
Golden Medmons,Natural
Hadanite,Mineral
Heart of the Woods,Natural
Helium,Gas
Hephaestanite,Mineral
Hephaestanite (Raw),Mineral
Human Food Bars,Food
Hydrogen,Gas
Hydrogen Fuel,
Inert Materials,Mixed Mining
Iodine,Gas
Iron,Metal
Iron (Ore),Metal
Janalite,Mineral
Jumping Limes,Natural
Kopion Horn,Consumer Goods
Laranite,Mineral
Laranite (Raw),Mineral
Luminalia Gift Box,Consumer Goods
Marok Gem,Consumer Goods
Maze,Vice
Medical Supplies,Medical Supply
Mercury,Metal
Methane,Gas
Neograph,Consumer Goods
Neon,Vice
Nitrogen,Gas
Omnapoxy,Consumer Goods
Organics,Natural
Osoian Hides,Vice
Partillium,Gas
Party Favors,Consumer Goods
Pitambu,Natural
Potassium,Mineral
Pressurized Ice,Gas
Processed Food,Food
Prota,Natural
Quantainium,Mineral
Quantainium (Raw),Mineral
Quantum Fuel,
Quartz,Mineral
Quartz (Raw),Mineral
Ranta Dung,Agricultural Supply
Recycled Material Composite,Recycled Material Composite
Red Festival Envelope,Consumer Goods
Revenant Pods,Natural
Revenant Tree Pollen,Vice
Riccite,Metal
Scrap,Scrap
Ship Ammunition,Consumer Goods
Silicon,Metal
SLAM,Vice
Souvenirs,Consumer Goods
Steel,Alloy
Stileron,Metal
Stims,Vice
Sunset Berries,Natural
Taranite,Mineral
Taranite (Raw),Mineral
Thermalfoam,Consumer Goods
Tin,Metal
Titanium,Metal
Titanium (Ore),Metal
Tungsten,Metal
Tungsten (Ore),Metal
Waste,Waste
WiDow,Vice
Xa' Pyen,Metal
Year of the Dog Envelope,Consumer Goods
Year of the Monkey Envelope,Consumer Goods
Year of the Pig,Consumer Goods
Year of the Ram Envelope,Consumer Goods
Year of the Rooster Envelope,Consumer Goods
